id,name,model_id:id,group_id:id,perm_read,perm_write,perm_create,perm_unlink
access_res_partner_users,user.res.partner,model_res_partner,edilac.group_edilac_user,1,1,1,0
access_res_partner_respo,respo.res.partner,model_res_partner,edilac.group_edilac_respo,1,1,1,0
access_res_partner_manager,manager.res.partner,model_res_partner,edilac.group_edilac_manager,1,1,1,1



access_region_region_users,user.region.region,model_region_region,edilac.group_edilac_user,1,1,1,0
access_region_region_respo,respo.region.region,model_region_region,edilac.group_edilac_respo,1,1,1,0
access_region_region_manager,manager.region.region,model_region_region,edilac.group_edilac_manager,1,1,1,1

access_city_city_users,user.city.city,model_city_city,edilac.group_edilac_user,1,1,1,0
access_city_city_respo,respo.city.city,model_city_city,edilac.group_edilac_respo,1,1,1,0
access_city_city_manager,manager.city.city,model_city_city,edilac.group_edilac_manager,1,1,1,1

access_area_area_users,user.area.area,model_area_area,edilac.group_edilac_user,1,1,1,0
access_area_area_respo,respo.area.area,model_area_area,edilac.group_edilac_respo,1,1,1,0
access_area_area_manager,manager.area.area,model_area_area,edilac.group_edilac_manager,1,1,1,1


access_common_common_users,user.common.common,model_common_common,edilac.group_edilac_user,1,1,1,0
access_common_common_respo,respo.common.common,model_common_common,edilac.group_edilac_respo,1,1,1,0
access_common_common_manager,manager.common.common,model_common_common,edilac.group_edilac_manager,1,1,1,1

access_neighborhood_neighborhood_users,user.neighborhood.neighborhood,model_neighborhood_neighborhood,edilac.group_edilac_user,1,1,1,0
access_neighborhood_neighborhood_respo,respo.neighborhood.neighborhood,model_neighborhood_neighborhood,edilac.group_edilac_respo,1,1,1,0
access_neighborhood_neighborhood_manager,manager.neighborhood.neighborhood,model_neighborhood_neighborhood,edilac.group_edilac_manager,1,1,1,1

access_stock_mov_users,user.stock.move,model_stock_move,edilac.group_edilac_user,1,1,1,0
access_stock_mov_respo,respo.stock.move,model_stock_move,edilac.group_edilac_respo,1,1,1,0
access_stock_mov_manager,manager.stock.move,model_stock_move,edilac.group_edilac_manager,1,1,1,1

access_stock_picking_users,user.stock.picking,model_stock_picking,edilac.group_edilac_user,1,1,1,0
access_stock_picking_respo,respo.stock.picking,model_stock_picking,edilac.group_edilac_respo,1,1,1,0
access_stock_picking_manager,manager.stock.picking,model_stock_picking,edilac.group_edilac_manager,1,1,1,1

access_quality_quality_users,user.quality.quality,model_quality_quality,edilac.group_edilac_user,1,1,1,0
access_quality_quality_respo,respo.quality.quality,model_quality_quality,edilac.group_edilac_respo,1,1,1,0
access_quality_quality_manager,manager.quality.quality,model_quality_quality,edilac.group_edilac_manager,1,1,1,1



access_partner_freezer_users,user.partner.freezer,model_partner_freezer,edilac.group_edilac_user,1,1,1,0
access_partner_freezer_respo,respo.partner.freezer,model_partner_freezer,edilac.group_edilac_respo,1,1,1,0
access_partner_freezer_manager,manager.partner.freezer,model_partner_freezer,edilac.group_edilac_manager,1,1,1,1

access_saleman_line_users,user.saleman.line,model_saleman_line,edilac.group_edilac_user,1,0,0,0
access_saleman_line_respo,respo.saleman.line,model_saleman_line,edilac.group_edilac_respo,1,1,1,0
access_saleman_line_manager,manager.saleman.line,model_saleman_line,edilac.group_edilac_manager,1,1,1,1



access_freezer_assignment,freezer.assignment,model_freezer_assignment,edilac.group_edilac_user,1,0,0,0
access_freezer_assignment,freezer.assignment,model_freezer_assignment,edilac.group_edilac_respo,1,1,1,0
access_freezer_assignment,freezer.assignment,model_freezer_assignment,edilac.group_edilac_manager,1,1,1,1


access_customer_contract,customer.contract,model_customer_contract,edilac.group_edilac_user,1,0,0,0
access_customer_contract,customer.contract,model_customer_contract,edilac.group_edilac_respo,1,1,1,0
access_customer_contract,customer.contract,model_customer_contract,edilac.group_edilac_manager,1,1,1,1

access_assignment_assignment_users,user.assignment.assignment,model_assignment_assignment,edilac.group_edilac_user,1,0,0,0
access_assignment_assignment_respo,respo.assignment.assignment,model_assignment_assignment,edilac.group_edilac_respo,1,1,1,0
access_assignment_assignment_manager,manager.assignment.assignment,model_assignment_assignment,edilac.group_edilac_manager,1,1,1,1


access_delivery_delivery_users,user.delivery.delivery,model_delivery_delivery,edilac.group_edilac_user,1,1,1,0
access_delivery_delivery_respo,respo.delivery.delivery,model_delivery_delivery,edilac.group_edilac_respo,1,1,1,0
access_delivery_delivery_manager,manager.delivery.delivery,model_delivery_delivery,edilac.group_edilac_manager,1,1,1,1

access_assignment_line_wz_users,user.assignment.line.wz,model_assignment_line_wz,edilac.group_edilac_user,1,0,0,0
access_assignment_line_wz_respo,respo.assignment.line.wz,model_assignment_line_wz,edilac.group_edilac_respo,1,1,1,0
access_assignment_line_wz_manager,manager.assignment.line.wz,model_assignment_line_wz,edilac.group_edilac_manager,1,1,1,1

access_stock_picking_batch_users,user.stock.picking.batch,model_stock_picking_batch,edilac.group_edilac_user,1,0,0,0
access_stock_picking_batch_respo,respo.stock.picking.batch,model_stock_picking_batch,edilac.group_edilac_respo,1,1,1,0
access_stock_picking_batch_manager,manager.stock.picking.batch,model_stock_picking_batch,edilac.group_edilac_manager,1,1,1,1



access_area_wz_users,user.area.wz,model_area_wz,edilac.group_edilac_user,1,0,0,0
access_area_wz_respo,respo.area.wz,model_area_wz,edilac.group_edilac_respo,1,1,1,0
access_area_wz_manager,manager.area.wz,model_area_wz,edilac.group_edilac_manager,1,1,1,1

access_common_wz_users,user.common.wz,model_common_wz,edilac.group_edilac_user,1,0,0,0
access_common_wz_respo,respo.common.wz,model_common_wz,edilac.group_edilac_respo,1,1,1,0
access_common_wz_manager,manager.common.wz,model_common_wz,edilac.group_edilac_manager,1,1,1,1

access_neighborhood_wz_users,user.neighborhood.wz,model_neighborhood_wz,edilac.group_edilac_user,1,0,0,0
access_neighborhood_wz_respo,respo.neighborhood.wz,model_neighborhood_wz,edilac.group_edilac_respo,1,1,1,0
access_neighborhood_wz_manager,manager.neighborhood.wz,model_neighborhood_wz,edilac.group_edilac_manager,1,1,1,1
access_business_forecast_manager,business_forecast_manager,model_business_forecast,edilac.group_edilac_manager,1,1,1,1
access_partner_manager,partner_manager,model_customers_wizard,edilac.group_edilac_manager,1,1,1,1

access_freezer_paiement_wz_manager,freezer_paiement_wz_manager,model_freezer_paiement_wz,edilac.group_edilac_user,1,1,1,1


access_field_visit,user.field.visit,model_field_visit,edilac.group_edilac_user,1,0,0,0
access_field_visit,respo.field.visit,model_field_visit,edilac.group_edilac_respo,1,1,1,0
access_field_visit,manager.field.visit,model_field_visit,edilac.group_edilac_manager,1,1,1,1

access_product_quantity_batch_users,user.product.quantity.batch,model_product_quantity_batch,edilac.group_edilac_user,1,0,0,0
access_product_quantity_batch_respo,respo.stock.picking.batch,model_product_quantity_batch,edilac.group_edilac_respo,1,1,1,0
access_product_quantity_batch_manager,manager.stock.picking.batch,model_product_quantity_batch,edilac.group_edilac_manager,1,1,1,1

access_delivery_person_users,user.delivery.person,model_delivery_person,edilac.group_edilac_user,1,0,0,0
access_delivery_person_respo,respo.delivery.person,model_delivery_person,edilac.group_edilac_respo,1,1,1,0
access_delivery_person_manager,manager.delivery.person,model_delivery_person,edilac.group_edilac_manager,1,1,1,1

access_field_visit_wizard,user.field.visit.wizard,model_field_visit_wizard,edilac.group_edilac_user,1,0,0,0
access_field_visit_wizard,respo.field.visit.wizard,model_field_visit_wizard,edilac.group_edilac_respo,1,1,1,0
access_field_visit_wizard,manager.field.visit.wizard,model_field_visit_wizard,edilac.group_edilac_manager,1,1,1,1

access_customer_type,user.customer.type,model_customer_type,edilac.group_edilac_user,1,0,0,0
access_customer_type,respo.customer.type,model_customer_type,edilac.group_edilac_respo,1,1,1,0
access_customer_type,manager.customer.type,model_customer_type,edilac.group_edilac_manager,1,1,1,1
