<?xml version="1.0" encoding="UTF-8"?>
<odoo>
    <data>

        <record model="ir.module.category" id="edilac_category">
            <field name="name">Edilac</field>
            <field name="sequence">10</field>
        </record>

        <record id="group_edilac_user" model="res.groups">
            <field name="name">Utilisateur</field>
            <field name="implied_ids" eval="[(4, ref('base.group_user'))]"/>
            <field name="category_id" ref="edilac.edilac_category"/>
        </record>

        <record id="group_edilac_respo" model="res.groups">
            <field name="name">Responsable</field>
            <field name="implied_ids" eval="[(4, ref('base.group_user'))]"/>
            <field name="category_id" ref="edilac.edilac_category"/>
        </record>

        <record id="group_edilac_manager" model="res.groups">
            <field name="name">Manager</field>
            <field name="category_id" ref="edilac.edilac_category"/>
            <field name="implied_ids" eval="[(4, ref('edilac.group_edilac_respo'))]"/>
            <field name="users" eval="[(4, ref('base.user_root'))]"/>
        </record>

   
         <record id="ir_rule_region" model="ir.rule">
           <field name="name">Region Multi Company</field>
           <field name="model_id" ref="model_region_region"/>
           <field name="domain_force">['|', ('company_id', '=', False), ('company_id', 'in', company_ids)]</field>
        </record>
        <record id="ir_rule_city" model="ir.rule">
           <field name="name">City Multi Company</field>
           <field name="model_id" ref="model_city_city"/>
           <field name="domain_force">['|', ('company_id', '=', False), ('company_id', 'in', company_ids)]</field>
        </record>

        <record id="ir_rule_area" model="ir.rule">
           <field name="name">Area Multi Company</field>
           <field name="model_id" ref="model_area_area"/>
           <field name="domain_force">['|', ('company_id', '=', False), ('company_id', 'in', company_ids)]</field>
        </record>

        <record id="ir_rule_common" model="ir.rule">
           <field name="name">Common Multi Company</field>
           <field name="model_id" ref="model_common_common"/>
           <field name="domain_force">['|', ('company_id', '=', False), ('company_id', 'in', company_ids)]</field>
        </record>

        <record id="ir_rule_neighborhood" model="ir.rule">
           <field name="name">Neighborhood Multi Company</field>
           <field name="model_id" ref="model_neighborhood_neighborhood"/>
           <field name="domain_force">['|', ('company_id', '=', False), ('company_id', 'in', company_ids)]</field>
        </record>


         <record id="ir_rule_freezer_assignment" model="ir.rule">
           <field name="name">freezer_assignment Multi Company</field>
           <field name="model_id" ref="model_freezer_assignment"/>
           <field name="domain_force">['|', ('company_id', '=', False), ('company_id', 'in', company_ids)]</field>
        </record>

         <record id="ir_rule_customer_contract" model="ir.rule">
           <field name="name">Customer ContractMulti Company</field>
           <field name="model_id" ref="model_customer_contract"/>
           <field name="domain_force">['|', ('company_id', '=', False), ('company_id', 'in', company_ids)]</field>
        </record>

         <record id="base.default_user" model="res.users">
            <field name="groups_id" eval="[(4, ref('edilac.group_edilac_manager'))]"/>
        </record>
    </data>
</odoo>